,KGE,NSE,RMSE,R2
0,0.14316090037019658,-0.5687490135927418,36125.10047155708,0.034599501999018394
