,KGE,NSE,RMSE,R2
0,0.6015122176229677,0.3971148193924524,25597.581143208175,0.6323496912132854
