,KGE,NSE,RMSE,R2
0,0.2864138481873304,-6.541772304057518,25618.88767350324,0.12365781841797509
