,KGE,NSE,RMSE,R2
0,0.5325942238055916,0.22818854991290094,28487.91766981564,0.44772467275027833
