,KGE,NSE,RMSE,R2
0,0.5940448840196451,0.2580507034061844,36961.69667072482,0.39990511270119683
