,KGE,NSE,RMSE,R2
0,0.38565369653832715,-3.5689751785934787,28292.874140061613,0.46407680998553025
