,KGE,NSE,RMSE,R2
0,0.7121953016339049,0.49627672211755103,30911.840814351533,0.5995766148762273
