,KGE,NSE,RMSE,R2
0,0.1695135091184906,-0.6483374732651996,50429.82546142707,0.03046494459037011
